CREATE TABLE PM_Survey
(
  Date DATE NOT NULL,
  Rotation_Number INT NOT NULL,
  Department VARCHAR(25) NOT NULL,
  Question_1 INT NOT NULL,
  Question_2 INT NOT NULL,
  Question_3 INT NOT NULL,
  Current_Work VARCHAR(1000) NOT NULL,
  PRIMARY KEY (Date)
);

CREATE TABLE Rotation_Preference
(
  Name_1 VARCHAR(100) NOT NULL,
  Name_2 VARCHAR(100) NOT NULL,
  Name_3 VARCHAR(100) NOT NULL,
  Notes VARCHAR(2000) NOT NULL,
  Reasoning VARCHAR(4000),
  PRIMARY KEY (Name_1)
);

CREATE TABLE AL_Survey
(
  Date DATE NOT NULL,
  PM_Name VARCHAR(50) NOT NULL,
  Department VARCHAR(25) NOT NULL,
  Current_Work VARCHAR(1000) NOT NULL,
  Question_1 INT NOT NULL,
  Question_2 INT NOT NULL,
  Question_3 INT NOT NULL,
  PRIMARY KEY (Date)
);

CREATE TABLE ToDo
(
  Action_Name VARCHAR(100) NOT NULL,
  Action_Status VARCHAR(15) NOT NULL,
  Intended_For VARCHAR(25) NOT NULL,
  Deadline DATE NOT NULL,
  PRIMARY KEY (Action_Name)
);

CREATE TABLE Timeline
(
  Deadline_Name VARCHAR(100) NOT NULL,
  Deadline_Date DATE NOT NULL,
  PRIMARY KEY (Deadline_Name)
);

CREATE TABLE BPM
(
  BPM_FName VARCHAR(25) NOT NULL,
  BPM_LName VARCHAR(25) NOT NULL,
  BPM_SSO INT NOT NULL,
  Track VARCHAR(25) NOT NULL,
  Title VARCHAR(25) NOT NULL,
  Notes VARCHAR(4000),
  BPM_Password VARCHAR(15) NOT NULL,
  Email VARCHAR(25) NOT NULL,
  Action_Name VARCHAR(100) NOT NULL,
  Deadline_Name VARCHAR(100),
  PRIMARY KEY (BPM_SSO),
  FOREIGN KEY (Action_Name) REFERENCES ToDo(Action_Name),
  FOREIGN KEY (Deadline_Name) REFERENCES Timeline(Deadline_Name)
);

CREATE TABLE AL
(
  AL_LName VARCHAR(25) NOT NULL,
  AL_FName VARCHAR(25) NOT NULL,
  AL_SSO INT NOT NULL,
  Title VARCHAR(25) NOT NULL,
  Track VARCHAR(25) NOT NULL,
  AL_Password VARCHAR(15) NOT NULL,
  Email VARCHAR(25) NOT NULL,
  Action_Name VARCHAR(100) NOT NULL,
  Deadline_Name VARCHAR(100),
  PRIMARY KEY (AL_SSO),
  FOREIGN KEY (Action_Name) REFERENCES ToDo(Action_Name),
  FOREIGN KEY (Deadline_Name) REFERENCES Timeline(Deadline_Name)
);

CREATE TABLE Rotation
(
  Name VARCHAR(100) NOT NULL,
  Description VARCHAR(4000) NOT NULL,
  Location VARCHAR(20) NOT NULL,
  RID INT NOT NULL,
  Start_Date DATE NOT NULL,
  End_Date DATE NOT NULL,
  Updates VARCHAR(4000),
  Department VARCHAR(25) NOT NULL,
  PM_Feedback VARCHAR(4000),
  AL_Feedback VARCHAR(4000),
  Status VARCHAR(15) NOT NULL,
  AL_SSO INT NOT NULL,
  PRIMARY KEY (RID),
  FOREIGN KEY (AL_SSO) REFERENCES AL(AL_SSO)
);

CREATE TABLE Rotation_Submission
(
  Name VARCHAR(100) NOT NULL,
  Location VARCHAR(20) NOT NULL,
  RID INT NOT NULL,
  Department VARCHAR(25) NOT NULL,
  Past_Experience VARCHAR(3) NOT NULL,
  Mentor_Name VARCHAR(50) NOT NULL,
  Coleader VARCHAR(3) NOT NULL,
  Outcomes VARCHAR(4000) NOT NULL,
  Approval_Status VARCHAR(15) NOT NULL,
  Travel_Amount VARCHAR(15) NOT NULL,
  Sub_Functional_Areas VARCHAR(2000) NOT NULL,
  Description VARCHAR(4000) NOT NULL,
  Additional_Learning VARCHAR(2000),
  Functional_Capabilities VARCHAR(2000),
  Submission_Date Date,
  AL_SSO INT NOT NULL,
  BPM_SSO INT,
  PRIMARY KEY (RID),
  FOREIGN KEY (AL_SSO) REFERENCES AL(AL_SSO),
  FOREIGN KEY (BPM_SSO) REFERENCES BPM(BPM_SSO)
);

CREATE TABLE Fulfills
(
  Date DATE NOT NULL,
  AL_SSO INT NOT NULL,
  PRIMARY KEY (Date, AL_SSO),
  FOREIGN KEY (Date) REFERENCES AL_Survey(Date),
  FOREIGN KEY (AL_SSO) REFERENCES AL(AL_SSO)
);

CREATE TABLE Program_Member
(
  PM_FName VARCHAR(25) NOT NULL,
  PM_LName VARCHAR(25) NOT NULL,
  PM_SSO INT NOT NULL,
  University VARCHAR(50) NOT NULL,
  Hire_Date DATE NOT NULL,
  Major VARCHAR(50) NOT NULL,
  Track VARCHAR(25) NOT NULL,
  PM_Password VARCHAR(15) NOT NULL,
  Rotation_1 VARCHAR(15),
  Rotation_2 VARCHAR(15),
  Rotation_3 VARCHAR(15),
  Rotation_4 VARCHAR(15),
  Email VARCHAR(25) NOT NULL,
  BPM_SSO INT NOT NULL,
  Action_Name VARCHAR(100) NOT NULL,
  Deadline_Name VARCHAR(100),
  PRIMARY KEY (PM_SSO),
  FOREIGN KEY (BPM_SSO) REFERENCES BPM(BPM_SSO),
  FOREIGN KEY (Action_Name) REFERENCES ToDo(Action_Name),
  FOREIGN KEY (Deadline_Name) REFERENCES Timeline(Deadline_Name)
);

CREATE TABLE Completes
(
  PM_SSO INT NOT NULL,
  Date DATE NOT NULL,
  PRIMARY KEY (PM_SSO, Date),
  FOREIGN KEY (PM_SSO) REFERENCES Program_Member(PM_SSO),
  FOREIGN KEY (Date) REFERENCES PM_Survey(Date)
);

CREATE TABLE Submits
(
  PM_SSO INT NOT NULL,
  Name_1 VARCHAR(100) NOT NULL,
  PRIMARY KEY (PM_SSO, Name_1),
  FOREIGN KEY (PM_SSO) REFERENCES Program_Member(PM_SSO),
  FOREIGN KEY (Name_1) REFERENCES Rotation_Preference(Name_1)
);

CREATE TABLE Assigned_To
(
  Rotation_Number INT NOT NULL,
  PM_SSO INT NOT NULL,
  RID INT NOT NULL,
  PRIMARY KEY (PM_SSO, RID),
  FOREIGN KEY (PM_SSO) REFERENCES Program_Member(PM_SSO),
  FOREIGN KEY (RID) REFERENCES Rotation(RID)
);

INSERT INTO pm_survey (`Date`, `Rotation_Number`, `Department`, `Question_1`, `Question_2`, `Question_3`, `Current_Work`) VALUES ('2018-05-15', '2', 'Digital', '5', '4', '4', 'Description of the project I am currently working on.');
INSERT INTO pm_survey (`Date`, `Rotation_Number`, `Department`, `Question_1`, `Question_2`, `Question_3`, `Current_Work`) VALUES ('2018-05-20', '2', 'Operations', '4', '3', '3', 'Description of the project I am currently working on.');
INSERT INTO pm_survey (`Date`, `Rotation_Number`, `Department`, `Question_1`, `Question_2`, `Question_3`, `Current_Work`) VALUES ('2018-08-15', '1', 'HR', '4', '4', '4', 'Description of the project I am currently working on.');
INSERT INTO pm_survey (`Date`, `Rotation_Number`, `Department`, `Question_1`, `Question_2`, `Question_3`, `Current_Work`) VALUES ('2018-10-15', '3', 'Finance', '5', '5', '4', 'Description of the project I am currently working on.');
INSERT INTO pm_survey (`Date`, `Rotation_Number`, `Department`, `Question_1`, `Question_2`, `Question_3`, `Current_Work`) VALUES ('2018-12-15', '4', 'Commercial', '4', '3', '4', 'Description of the project I am currently working on.');

INSERT INTO rotation_preference (`Name_1`, `Name_2`, `Name_3`, `Notes`) VALUES ('Inventory Planner', 'Database Developer', 'UX Designer', 'Reason for ranking the rotations.');
INSERT INTO rotation_preference (`Name_1`, `Name_2`, `Name_3`, `Notes`) VALUES ('Database Developer', 'UX Designer', 'Data Analyst', 'Reason for ranking the rotations.');
INSERT INTO rotation_preference (`Name_1`, `Name_2`, `Name_3`, `Notes`) VALUES ('UX Designer', 'Data Analyst', 'Database Developer', 'Reason for ranking the rotations.');
INSERT INTO rotation_preference (`Name_1`, `Name_2`, `Name_3`, `Notes`) VALUES ('Security Analyst', 'Data Analyst', 'Logistics Manager', 'Reason for ranking the rotations.');
INSERT INTO rotation_preference (`Name_1`, `Name_2`, `Name_3`, `Notes`) VALUES ('Data Analyst', 'Security Analyst', 'UX Researcher', 'Reason for ranking the rotations.');
INSERT INTO rotation_preference (`Name_1`, `Name_2`, `Name_3`, `Notes`) VALUES ('Logistics Manager', 'UX Researcher', 'Security Analyst', 'Reason for ranking the rotations.');
INSERT INTO rotation_preference (`Name_1`, `Name_2`, `Name_3`, `Notes`) VALUES ('UX Researcher', 'Logistics Manager', 'Security Analyst', 'Reason for ranking the rotations.');

INSERT INTO al_survey (`Date`,`PM_Name`,`Department`,`Current_Work`,`Question_1`,`Question_2`,`Question_3`) VALUES ('2018-05-15','Paul Adams','Engineering','Description of what the Program Member is currently working on.',6,5,5);
INSERT INTO al_survey (`Date`,`PM_Name`,`Department`,`Current_Work`,`Question_1`,`Question_2`,`Question_3`) VALUES ('2018-05-20','Richard King','Finance','Description of what the Program Member is currently working on.',5,5,4);
INSERT INTO al_survey (`Date`,`PM_Name`,`Department`,`Current_Work`,`Question_1`,`Question_2`,`Question_3`) VALUES ('2018-08-15','Michelle Bailey','Engineering','Description of what the Program Member is currently working on.',5,5,3);
INSERT INTO al_survey (`Date`,`PM_Name`,`Department`,`Current_Work`,`Question_1`,`Question_2`,`Question_3`) VALUES ('2018-10-15','Karen Murphy','Finance','Description of what the Program Member is currently working on.',5,6,5);
INSERT INTO al_survey (`Date`,`PM_Name`,`Department`,`Current_Work`,`Question_1`,`Question_2`,`Question_3`) VALUES ('2018-12-15','Dan Green','Engineering','Description of what the Program Member is currently working on.',4,4,5);

INSERT INTO todo (`Action_Name`,`Action_Status`,`Intended_For`,`Deadline`) VALUES ('Approve rotation submissions','Complete','BPM','2019-03-15');
INSERT INTO todo (`Action_Name`,`Action_Status`,`Intended_For`,`Deadline`) VALUES ('Assign rotations','Pending','BPM','2019-05-01');
INSERT INTO todo (`Action_Name`,`Action_Status`,`Intended_For`,`Deadline`) VALUES ('Rank rotations','Pending','PM','2019-04-01');
INSERT INTO todo (`Action_Name`,`Action_Status`,`Intended_For`,`Deadline`) VALUES ('Release approved rotation','Complete','BPM','2019-03-20');
INSERT INTO todo (`Action_Name`,`Action_Status`,`Intended_For`,`Deadline`) VALUES ('Release assigned rotations','Pending','BPM','2019-05-05');
INSERT INTO todo (`Action_Name`,`Action_Status`,`Intended_For`,`Deadline`) VALUES ('Submit a rotation','Complete','AL','2019-01-15');

INSERT INTO timeline (`Deadline_Name`, `Deadline_Date`) VALUES ('rotations released', '2019-01-15');
INSERT INTO timeline (`Deadline_Name`, `Deadline_Date`) VALUES ('preferences due', '2019-02-10');
INSERT INTO timeline (`Deadline_Name`, `Deadline_Date`) VALUES ('rotations assigned', '2019-03-20');
INSERT INTO timeline (`Deadline_Name`, `Deadline_Date`) VALUES ('rotations begin', '2019-05-12');

INSERT INTO bpm (`BPM_FName`, `BPM_LName`, `BPM_SSO`, `Track`, `Title`, `BPM_Password`, `Email`, `Action_Name`) VALUES ('Will', 'Banks', '122234555', 'Commercial', 'Manager', 'vxwN3tJ2', 'wbanks@ge.com', 'Approve rotation submissions');
INSERT INTO bpm (`BPM_FName`, `BPM_LName`, `BPM_SSO`, `Track`, `Title`, `BPM_Password`, `Email`, `Action_Name`) VALUES ('Jane', 'Anderson', '123445566', 'Operations', 'Supervisor', 'sMZ7rBV2', 'janderson@ge.com', 'Approve rotation submissions');
INSERT INTO bpm (`BPM_FName`, `BPM_LName`, `BPM_SSO`, `Track`, `Title`, `BPM_Password`, `Email`, `Action_Name`) VALUES ('John', 'Smith', '123456789', 'Digital', 'Manager', 'vSpRA3HN', 'jsmith@ge.com', 'Approve rotation submissions');
INSERT INTO bpm (`BPM_FName`, `BPM_LName`, `BPM_SSO`, `Track`, `Title`, `BPM_Password`, `Email`, `Action_Name`) VALUES ('Sue', 'Jones', '546786999', 'Finance', 'Manager', 'sLWWcC4y', 'sjones@ge.com', 'Release approved rotation');
INSERT INTO bpm (`BPM_FName`, `BPM_LName`, `BPM_SSO`, `Track`, `Title`, `BPM_Password`, `Email`, `Action_Name`) VALUES ('Carrie', 'Price', '987654321', 'HR', 'Director', 'DtD345sk', 'cprice@ge.com', 'Release approved rotation');
INSERT INTO bpm (`BPM_FName`, `BPM_LName`, `BPM_SSO`, `Track`, `Title`, `BPM_Password`, `Email`, `Action_Name`) VALUES ('Rick', 'Johnson', '998877665', 'Engineering', 'Director', 'VkX543WQ', 'rjohnson@ge.com', 'Release approved rotation');

INSERT INTO al (`AL_LName`,`AL_FName`,`AL_SSO`,`Title`,`Track`,`AL_Password`,`Email`,`Action_Name`) VALUES ('Davidson','Anna',112233489,'Project Manager','Operations','zUsFLwjM','adavidson@ge.com','Submit a rotation');
INSERT INTO al (`AL_LName`,`AL_FName`,`AL_SSO`,`Title`,`Track`,`AL_Password`,`Email`,`Action_Name`) VALUES ('Lewis','Hannah',179345699,'Manager','Operations','kGLWnLvK','hlewis@ge.com','Submit a rotation');
INSERT INTO al (`AL_LName`,`AL_FName`,`AL_SSO`,`Title`,`Track`,`AL_Password`,`Email`,`Action_Name`) VALUES ('Thompson','George',203010679,'Director','HR','4br9k3rC','gthompson@ge.com','Submit a rotation');
INSERT INTO al (`AL_LName`,`AL_FName`,`AL_SSO`,`Title`,`Track`,`AL_Password`,`Email`,`Action_Name`) VALUES ('Harris','Joseph',229457959,'Design Lead','Engineering','CkTJjyJa','jharris@ge.com','Submit a rotation');
INSERT INTO al (`AL_LName`,`AL_FName`,`AL_SSO`,`Title`,`Track`,`AL_Password`,`Email`,`Action_Name`) VALUES ('White','Charles',236871199,'Director','Finance','w5mGMqyz','cwhite@ge.com','Submit a rotation');
INSERT INTO al (`AL_LName`,`AL_FName`,`AL_SSO`,`Title`,`Track`,`AL_Password`,`Email`,`Action_Name`) VALUES ('Moore','Henry',240114027,'Supervisor','Operations','EBNVtzAn','hmoore@ge.com','Submit a rotation');
INSERT INTO al (`AL_LName`,`AL_FName`,`AL_SSO`,`Title`,`Track`,`AL_Password`,`Email`,`Action_Name`) VALUES ('Brown','Peter',499147736,'Software Engineer','Digital','P6kZkgcH','pbrown@ge.com','Submit a rotation');
INSERT INTO al (`AL_LName`,`AL_FName`,`AL_SSO`,`Title`,`Track`,`AL_Password`,`Email`,`Action_Name`) VALUES ('Taylor','Nancy',592652739,'Supervisor','Finance','gzwuC6CV','ntaylor@ge.com','Submit a rotation');
INSERT INTO al (`AL_LName`,`AL_FName`,`AL_SSO`,`Title`,`Track`,`AL_Password`,`Email`,`Action_Name`) VALUES ('Lee','John',611387878,'Director','Engineering','6wrWqnAm','jlee@ge.com','Submit a rotation');
INSERT INTO al (`AL_LName`,`AL_FName`,`AL_SSO`,`Title`,`Track`,`AL_Password`,`Email`,`Action_Name`) VALUES ('Anderson','Thomas',647042114,'IT Manager','Finance','bRCDktUt','tanderson@ge.com','Submit a rotation');
INSERT INTO al (`AL_LName`,`AL_FName`,`AL_SSO`,`Title`,`Track`,`AL_Password`,`Email`,`Action_Name`) VALUES ('Miller','Maria',794051788,'Finance Manager','HR','ch38eEht','mmiller@ge.com','Submit a rotation');
INSERT INTO al (`AL_LName`,`AL_FName`,`AL_SSO`,`Title`,`Track`,`AL_Password`,`Email`,`Action_Name`) VALUES ('Wilson','Catherine',822121659,'Mechanical Engineer','Digital','VtQf3fDj','cwilson@ge.com','Submit a rotation');
INSERT INTO al (`AL_LName`,`AL_FName`,`AL_SSO`,`Title`,`Track`,`AL_Password`,`Email`,`Action_Name`) VALUES ('Hall','Elizabeth',857049744,'Senior Manager','Finance','8DLFBXdr','ehall@ge.com','Submit a rotation');
INSERT INTO al (`AL_LName`,`AL_FName`,`AL_SSO`,`Title`,`Track`,`AL_Password`,`Email`,`Action_Name`) VALUES ('Clark','Sarah',942708829,'Manager','Engineering','PPZMwJmz','sclark@ge.com','Submit a rotation');
INSERT INTO al (`AL_LName`,`AL_FName`,`AL_SSO`,`Title`,`Track`,`AL_Password`,`Email`,`Action_Name`) VALUES ('Walker','Susan',986220668,'Senior Manager','Commercial','ZNL7w5s4','swalker@ge.com','Submit a rotation');

INSERT INTO rotation (`Name`, `Description`, `Location`, `RID`, `Start_Date`, `End_Date`, `Updates`, `Department`, `AL_Feedback`, `Status`, `AL_SSO`) VALUES ('Inventory Planner', 'Description that each Assignment Leader submits outlining the rotation and specific deliverables. Description that each Assignment Leader submits outlining the rotation and specific deliverables. Description that each Assignment Leader submits outlining the rotation and specific deliverables. Description that each Assignment Leader submits outlining the rotation and specific deliverables. Description that each Assignment Leader submits outlining the rotation and specific deliverables. Description that each Assignment Leader submits outlining the rotation and specific deliverables. Description that each Assignment Leader submits outlining the rotation and specific deliverables. Description that each Assignment Leader submits outlining the rotation and specific deliverables. Description that each Assignment Leader submits outlining the rotation and specific deliverables. Description that each Assignment Leader submits outlining the rotation and specific deliverables. Description that each Assignment Leader submits outlining the rotation and specific deliverables. Description that each Assignment Leader submits outlining the rotation and specific deliverables. Description that each Assignment Leader submits outlining the rotation and specific deliverables. Description that each Assignment Leader submits outlining the rotation and specific deliverables. Description that each Assignment Leader submits outlining the rotation and specific deliverables. Description that each Assignment Leader submits outlining the rotation and specific deliverables. Description that each Assignment Leader submits outlining the rotation and specific deliverables. Description that each Assignment Leader submits outlining the rotation and specific deliverables. Description that each Assignment Leader submits outlining the rotation and specific deliverables. Description that each Assignment Leader submits outlining the rotation and specific deliverables. Description that each Assignment Leader submits outlining the rotation and specific deliverables. Description that each Assignment Leader submits outlining the rotation and specific deliverables. Description that each Assignment Leader submits outlining the rotation and specific deliverables. Description that each Assignment Leader submits outlining the rotation and specific deliverables. Description that each Assignment Leader submits outlining the rotation and specific deliverables. Description that each Assignment Leader submits outlining the rotation and specific deliverables. Description that each Assignment Leader submits outlining the rotation and specific deliverables. Description that each Assignment Leader submits outlining the rotation and specific deliverables. Description that each Assignment Leader submits outlining the rotation and specific deliverables. Description that each Assignment Leader submits outlining the rotation and specific deliverables. Description that each Assignment Leader submits outlining the rotation and specific deliverables. Description that each Assignment Leader submits outlining the rotation and specific deliverables. Description that each Assignment Leader submits outlining the rotation and specific deliverables. Description that each Assignment Leader submits outlining the rotation and specific deliverables. Description that each Assignment Leader submits outlining the rotation and specific deliverables. Description that each Assignment Leader submits outlining the rotation and specific deliverables. Description that each Assignment Leader submits outlining the rotation and specific deliverables. Description that each Assignment Leader submits outlining the rotation and specific deliverables.', 'Erie', '08565', '2017-01-15', '2017-07-15', 'A new project came up that will supliment the initial job description.', 'Supply Chain', 'This role changed to fit new business needs.', 'Complete', '499147736');
INSERT INTO rotation (`Name`, `Description`, `Location`, `RID`, `Start_Date`, `End_Date`, `Department`, `PM_Feedback`, `Status`, `AL_SSO`) VALUES ('Database Developer', 'Description that each Assignment Leader submits outlining the rotation and specific deliverables. Description that each Assignment Leader submits outlining the rotation and specific deliverables. Description that each Assignment Leader submits outlining the rotation and specific deliverables. Description that each Assignment Leader submits outlining the rotation and specific deliverables. Description that each Assignment Leader submits outlining the rotation and specific deliverables. Description that each Assignment Leader submits outlining the rotation and specific deliverables. Description that each Assignment Leader submits outlining the rotation and specific deliverables. Description that each Assignment Leader submits outlining the rotation and specific deliverables. Description that each Assignment Leader submits outlining the rotation and specific deliverables. Description that each Assignment Leader submits outlining the rotation and specific deliverables. Description that each Assignment Leader submits outlining the rotation and specific deliverables. Description that each Assignment Leader submits outlining the rotation and specific deliverables. Description that each Assignment Leader submits outlining the rotation and specific deliverables. Description that each Assignment Leader submits outlining the rotation and specific deliverables. Description that each Assignment Leader submits outlining the rotation and specific deliverables. Description that each Assignment Leader submits outlining the rotation and specific deliverables. Description that each Assignment Leader submits outlining the rotation and specific deliverables. Description that each Assignment Leader submits outlining the rotation and specific deliverables. Description that each Assignment Leader submits outlining the rotation and specific deliverables. Description that each Assignment Leader submits outlining the rotation and specific deliverables. Description that each Assignment Leader submits outlining the rotation and specific deliverables. Description that each Assignment Leader submits outlining the rotation and specific deliverables. Description that each Assignment Leader submits outlining the rotation and specific deliverables. Description that each Assignment Leader submits outlining the rotation and specific deliverables. Description that each Assignment Leader submits outlining the rotation and specific deliverables. Description that each Assignment Leader submits outlining the rotation and specific deliverables. Description that each Assignment Leader submits outlining the rotation and specific deliverables. Description that each Assignment Leader submits outlining the rotation and specific deliverables. Description that each Assignment Leader submits outlining the rotation and specific deliverables. Description that each Assignment Leader submits outlining the rotation and specific deliverables. Description that each Assignment Leader submits outlining the rotation and specific deliverables. Description that each Assignment Leader submits outlining the rotation and specific deliverables. Description that each Assignment Leader submits outlining the rotation and specific deliverables. Description that each Assignment Leader submits outlining the rotation and specific deliverables. Description that each Assignment Leader submits outlining the rotation and specific deliverables. Description that each Assignment Leader submits outlining the rotation and specific deliverables. Description that each Assignment Leader submits outlining the rotation and specific deliverables. Description that each Assignment Leader submits outlining the rotation and specific deliverables.', 'Erie', '21090', '2017-01-15', '2017-07-15', 'ERP', 'Loved this rotation! My AL was very supportive, and I learned a lot on the job.', 'Complete', '179345699');
INSERT INTO rotation (`Name`, `Description`, `Location`, `RID`, `Start_Date`, `End_Date`, `Department`, `Status`, `AL_SSO`) VALUES ('UX Designer', 'Description that each Assignment Leader submits outlining the rotation and specific deliverables. Description that each Assignment Leader submits outlining the rotation and specific deliverables. Description that each Assignment Leader submits outlining the rotation and specific deliverables. Description that each Assignment Leader submits outlining the rotation and specific deliverables. Description that each Assignment Leader submits outlining the rotation and specific deliverables. Description that each Assignment Leader submits outlining the rotation and specific deliverables. Description that each Assignment Leader submits outlining the rotation and specific deliverables. Description that each Assignment Leader submits outlining the rotation and specific deliverables. Description that each Assignment Leader submits outlining the rotation and specific deliverables. Description that each Assignment Leader submits outlining the rotation and specific deliverables. Description that each Assignment Leader submits outlining the rotation and specific deliverables. Description that each Assignment Leader submits outlining the rotation and specific deliverables. Description that each Assignment Leader submits outlining the rotation and specific deliverables. Description that each Assignment Leader submits outlining the rotation and specific deliverables. Description that each Assignment Leader submits outlining the rotation and specific deliverables. Description that each Assignment Leader submits outlining the rotation and specific deliverables. Description that each Assignment Leader submits outlining the rotation and specific deliverables. Description that each Assignment Leader submits outlining the rotation and specific deliverables. Description that each Assignment Leader submits outlining the rotation and specific deliverables. Description that each Assignment Leader submits outlining the rotation and specific deliverables. Description that each Assignment Leader submits outlining the rotation and specific deliverables. Description that each Assignment Leader submits outlining the rotation and specific deliverables. Description that each Assignment Leader submits outlining the rotation and specific deliverables. Description that each Assignment Leader submits outlining the rotation and specific deliverables. Description that each Assignment Leader submits outlining the rotation and specific deliverables. Description that each Assignment Leader submits outlining the rotation and specific deliverables. Description that each Assignment Leader submits outlining the rotation and specific deliverables. Description that each Assignment Leader submits outlining the rotation and specific deliverables. Description that each Assignment Leader submits outlining the rotation and specific deliverables. Description that each Assignment Leader submits outlining the rotation and specific deliverables. Description that each Assignment Leader submits outlining the rotation and specific deliverables. Description that each Assignment Leader submits outlining the rotation and specific deliverables. Description that each Assignment Leader submits outlining the rotation and specific deliverables. Description that each Assignment Leader submits outlining the rotation and specific deliverables. Description that each Assignment Leader submits outlining the rotation and specific deliverables. Description that each Assignment Leader submits outlining the rotation and specific deliverables. Description that each Assignment Leader submits outlining the rotation and specific deliverables. Description that each Assignment Leader submits outlining the rotation and specific deliverables.', 'Chicago', '24728', '2017-01-15', '2017-07-15', 'Design & UX', 'Complete', '229457959');
INSERT INTO rotation (`Name`, `Description`, `Location`, `RID`, `Start_Date`, `End_Date`, `Department`, `Status`, `AL_SSO`) VALUES ('Security Analyst', 'Description that each Assignment Leader submits outlining the rotation and specific deliverables. Description that each Assignment Leader submits outlining the rotation and specific deliverables. Description that each Assignment Leader submits outlining the rotation and specific deliverables. Description that each Assignment Leader submits outlining the rotation and specific deliverables. Description that each Assignment Leader submits outlining the rotation and specific deliverables. Description that each Assignment Leader submits outlining the rotation and specific deliverables. Description that each Assignment Leader submits outlining the rotation and specific deliverables. Description that each Assignment Leader submits outlining the rotation and specific deliverables. Description that each Assignment Leader submits outlining the rotation and specific deliverables. Description that each Assignment Leader submits outlining the rotation and specific deliverables. Description that each Assignment Leader submits outlining the rotation and specific deliverables. Description that each Assignment Leader submits outlining the rotation and specific deliverables. Description that each Assignment Leader submits outlining the rotation and specific deliverables. Description that each Assignment Leader submits outlining the rotation and specific deliverables. Description that each Assignment Leader submits outlining the rotation and specific deliverables. Description that each Assignment Leader submits outlining the rotation and specific deliverables. Description that each Assignment Leader submits outlining the rotation and specific deliverables. Description that each Assignment Leader submits outlining the rotation and specific deliverables. Description that each Assignment Leader submits outlining the rotation and specific deliverables. Description that each Assignment Leader submits outlining the rotation and specific deliverables. Description that each Assignment Leader submits outlining the rotation and specific deliverables. Description that each Assignment Leader submits outlining the rotation and specific deliverables. Description that each Assignment Leader submits outlining the rotation and specific deliverables. Description that each Assignment Leader submits outlining the rotation and specific deliverables. Description that each Assignment Leader submits outlining the rotation and specific deliverables. Description that each Assignment Leader submits outlining the rotation and specific deliverables. Description that each Assignment Leader submits outlining the rotation and specific deliverables. Description that each Assignment Leader submits outlining the rotation and specific deliverables. Description that each Assignment Leader submits outlining the rotation and specific deliverables. Description that each Assignment Leader submits outlining the rotation and specific deliverables. Description that each Assignment Leader submits outlining the rotation and specific deliverables. Description that each Assignment Leader submits outlining the rotation and specific deliverables. Description that each Assignment Leader submits outlining the rotation and specific deliverables. Description that each Assignment Leader submits outlining the rotation and specific deliverables. Description that each Assignment Leader submits outlining the rotation and specific deliverables. Description that each Assignment Leader submits outlining the rotation and specific deliverables. Description that each Assignment Leader submits outlining the rotation and specific deliverables. Description that each Assignment Leader submits outlining the rotation and specific deliverables.', 'Chicago', '17179', '2017-07-15', '2018-01-15', 'Cyber Security', 'Complete', '240114027');
INSERT INTO rotation (`Name`, `Description`, `Location`, `RID`, `Start_Date`, `End_Date`, `Department`, `PM_Feedback`, `AL_Feedback`, `Status`, `AL_SSO`) VALUES ('Operations Analyst', 'Description that each Assignment Leader submits outlining the rotation and specific deliverables. Description that each Assignment Leader submits outlining the rotation and specific deliverables. Description that each Assignment Leader submits outlining the rotation and specific deliverables. Description that each Assignment Leader submits outlining the rotation and specific deliverables. Description that each Assignment Leader submits outlining the rotation and specific deliverables. Description that each Assignment Leader submits outlining the rotation and specific deliverables. Description that each Assignment Leader submits outlining the rotation and specific deliverables. Description that each Assignment Leader submits outlining the rotation and specific deliverables. Description that each Assignment Leader submits outlining the rotation and specific deliverables. Description that each Assignment Leader submits outlining the rotation and specific deliverables. Description that each Assignment Leader submits outlining the rotation and specific deliverables. Description that each Assignment Leader submits outlining the rotation and specific deliverables. Description that each Assignment Leader submits outlining the rotation and specific deliverables. Description that each Assignment Leader submits outlining the rotation and specific deliverables. Description that each Assignment Leader submits outlining the rotation and specific deliverables. Description that each Assignment Leader submits outlining the rotation and specific deliverables. Description that each Assignment Leader submits outlining the rotation and specific deliverables. Description that each Assignment Leader submits outlining the rotation and specific deliverables. Description that each Assignment Leader submits outlining the rotation and specific deliverables. Description that each Assignment Leader submits outlining the rotation and specific deliverables. Description that each Assignment Leader submits outlining the rotation and specific deliverables. Description that each Assignment Leader submits outlining the rotation and specific deliverables. Description that each Assignment Leader submits outlining the rotation and specific deliverables. Description that each Assignment Leader submits outlining the rotation and specific deliverables. Description that each Assignment Leader submits outlining the rotation and specific deliverables. Description that each Assignment Leader submits outlining the rotation and specific deliverables. Description that each Assignment Leader submits outlining the rotation and specific deliverables. Description that each Assignment Leader submits outlining the rotation and specific deliverables. Description that each Assignment Leader submits outlining the rotation and specific deliverables. Description that each Assignment Leader submits outlining the rotation and specific deliverables. Description that each Assignment Leader submits outlining the rotation and specific deliverables. Description that each Assignment Leader submits outlining the rotation and specific deliverables. Description that each Assignment Leader submits outlining the rotation and specific deliverables. Description that each Assignment Leader submits outlining the rotation and specific deliverables. Description that each Assignment Leader submits outlining the rotation and specific deliverables. Description that each Assignment Leader submits outlining the rotation and specific deliverables. Description that each Assignment Leader submits outlining the rotation and specific deliverables. Description that each Assignment Leader submits outlining the rotation and specific deliverables.', 'Erie', '83958', '2017-07-15', '2018-01-15', 'Digital Operations', 'My rotation ended up being different than the initial description, but I learned how to adapt.', 'This role changed to fit new business needs.', 'Complete', '112233489');
INSERT INTO rotation (`Name`, `Description`, `Location`, `RID`, `Start_Date`, `End_Date`, `Department`, `Status`, `AL_SSO`) VALUES ('Risk Analyst', 'Description that each Assignment Leader submits outlining the rotation and specific deliverables. Description that each Assignment Leader submits outlining the rotation and specific deliverables. Description that each Assignment Leader submits outlining the rotation and specific deliverables. Description that each Assignment Leader submits outlining the rotation and specific deliverables. Description that each Assignment Leader submits outlining the rotation and specific deliverables. Description that each Assignment Leader submits outlining the rotation and specific deliverables. Description that each Assignment Leader submits outlining the rotation and specific deliverables. Description that each Assignment Leader submits outlining the rotation and specific deliverables. Description that each Assignment Leader submits outlining the rotation and specific deliverables. Description that each Assignment Leader submits outlining the rotation and specific deliverables. Description that each Assignment Leader submits outlining the rotation and specific deliverables. Description that each Assignment Leader submits outlining the rotation and specific deliverables. Description that each Assignment Leader submits outlining the rotation and specific deliverables. Description that each Assignment Leader submits outlining the rotation and specific deliverables. Description that each Assignment Leader submits outlining the rotation and specific deliverables. Description that each Assignment Leader submits outlining the rotation and specific deliverables. Description that each Assignment Leader submits outlining the rotation and specific deliverables. Description that each Assignment Leader submits outlining the rotation and specific deliverables. Description that each Assignment Leader submits outlining the rotation and specific deliverables. Description that each Assignment Leader submits outlining the rotation and specific deliverables. Description that each Assignment Leader submits outlining the rotation and specific deliverables. Description that each Assignment Leader submits outlining the rotation and specific deliverables. Description that each Assignment Leader submits outlining the rotation and specific deliverables. Description that each Assignment Leader submits outlining the rotation and specific deliverables. Description that each Assignment Leader submits outlining the rotation and specific deliverables. Description that each Assignment Leader submits outlining the rotation and specific deliverables. Description that each Assignment Leader submits outlining the rotation and specific deliverables. Description that each Assignment Leader submits outlining the rotation and specific deliverables. Description that each Assignment Leader submits outlining the rotation and specific deliverables. Description that each Assignment Leader submits outlining the rotation and specific deliverables. Description that each Assignment Leader submits outlining the rotation and specific deliverables. Description that each Assignment Leader submits outlining the rotation and specific deliverables. Description that each Assignment Leader submits outlining the rotation and specific deliverables. Description that each Assignment Leader submits outlining the rotation and specific deliverables. Description that each Assignment Leader submits outlining the rotation and specific deliverables. Description that each Assignment Leader submits outlining the rotation and specific deliverables. Description that each Assignment Leader submits outlining the rotation and specific deliverables. Description that each Assignment Leader submits outlining the rotation and specific deliverables.', 'Chicago', '74899', '2017-07-15', '2018-01-15', 'Risk & Compliance', 'Complete', '236871199');
INSERT INTO rotation (`Name`, `Description`, `Location`, `RID`, `Start_Date`, `End_Date`, `Department`, `Status`, `AL_SSO`) VALUES ('Logistics Manager', 'Description that each Assignment Leader submits outlining the rotation and specific deliverables. Description that each Assignment Leader submits outlining the rotation and specific deliverables. Description that each Assignment Leader submits outlining the rotation and specific deliverables. Description that each Assignment Leader submits outlining the rotation and specific deliverables. Description that each Assignment Leader submits outlining the rotation and specific deliverables. Description that each Assignment Leader submits outlining the rotation and specific deliverables. Description that each Assignment Leader submits outlining the rotation and specific deliverables. Description that each Assignment Leader submits outlining the rotation and specific deliverables. Description that each Assignment Leader submits outlining the rotation and specific deliverables. Description that each Assignment Leader submits outlining the rotation and specific deliverables. Description that each Assignment Leader submits outlining the rotation and specific deliverables. Description that each Assignment Leader submits outlining the rotation and specific deliverables. Description that each Assignment Leader submits outlining the rotation and specific deliverables. Description that each Assignment Leader submits outlining the rotation and specific deliverables. Description that each Assignment Leader submits outlining the rotation and specific deliverables. Description that each Assignment Leader submits outlining the rotation and specific deliverables. Description that each Assignment Leader submits outlining the rotation and specific deliverables. Description that each Assignment Leader submits outlining the rotation and specific deliverables. Description that each Assignment Leader submits outlining the rotation and specific deliverables. Description that each Assignment Leader submits outlining the rotation and specific deliverables. Description that each Assignment Leader submits outlining the rotation and specific deliverables. Description that each Assignment Leader submits outlining the rotation and specific deliverables. Description that each Assignment Leader submits outlining the rotation and specific deliverables. Description that each Assignment Leader submits outlining the rotation and specific deliverables. Description that each Assignment Leader submits outlining the rotation and specific deliverables. Description that each Assignment Leader submits outlining the rotation and specific deliverables. Description that each Assignment Leader submits outlining the rotation and specific deliverables. Description that each Assignment Leader submits outlining the rotation and specific deliverables. Description that each Assignment Leader submits outlining the rotation and specific deliverables. Description that each Assignment Leader submits outlining the rotation and specific deliverables. Description that each Assignment Leader submits outlining the rotation and specific deliverables. Description that each Assignment Leader submits outlining the rotation and specific deliverables. Description that each Assignment Leader submits outlining the rotation and specific deliverables. Description that each Assignment Leader submits outlining the rotation and specific deliverables. Description that each Assignment Leader submits outlining the rotation and specific deliverables. Description that each Assignment Leader submits outlining the rotation and specific deliverables. Description that each Assignment Leader submits outlining the rotation and specific deliverables. Description that each Assignment Leader submits outlining the rotation and specific deliverables.', 'Erie', '32222', '2018-01-15', '2018-07-15', 'Supply Chain', 'Complete', '499147736');
INSERT INTO rotation (`Name`, `Description`, `Location`, `RID`, `Start_Date`, `End_Date`, `Department`, `AL_Feedback`, `Status`, `AL_SSO`) VALUES ('Data Analyst', 'Description that each Assignment Leader submits outlining the rotation and specific deliverables. Description that each Assignment Leader submits outlining the rotation and specific deliverables. Description that each Assignment Leader submits outlining the rotation and specific deliverables. Description that each Assignment Leader submits outlining the rotation and specific deliverables. Description that each Assignment Leader submits outlining the rotation and specific deliverables. Description that each Assignment Leader submits outlining the rotation and specific deliverables. Description that each Assignment Leader submits outlining the rotation and specific deliverables. Description that each Assignment Leader submits outlining the rotation and specific deliverables. Description that each Assignment Leader submits outlining the rotation and specific deliverables. Description that each Assignment Leader submits outlining the rotation and specific deliverables. Description that each Assignment Leader submits outlining the rotation and specific deliverables. Description that each Assignment Leader submits outlining the rotation and specific deliverables. Description that each Assignment Leader submits outlining the rotation and specific deliverables. Description that each Assignment Leader submits outlining the rotation and specific deliverables. Description that each Assignment Leader submits outlining the rotation and specific deliverables. Description that each Assignment Leader submits outlining the rotation and specific deliverables. Description that each Assignment Leader submits outlining the rotation and specific deliverables. Description that each Assignment Leader submits outlining the rotation and specific deliverables. Description that each Assignment Leader submits outlining the rotation and specific deliverables. Description that each Assignment Leader submits outlining the rotation and specific deliverables. Description that each Assignment Leader submits outlining the rotation and specific deliverables. Description that each Assignment Leader submits outlining the rotation and specific deliverables. Description that each Assignment Leader submits outlining the rotation and specific deliverables. Description that each Assignment Leader submits outlining the rotation and specific deliverables. Description that each Assignment Leader submits outlining the rotation and specific deliverables. Description that each Assignment Leader submits outlining the rotation and specific deliverables. Description that each Assignment Leader submits outlining the rotation and specific deliverables. Description that each Assignment Leader submits outlining the rotation and specific deliverables. Description that each Assignment Leader submits outlining the rotation and specific deliverables. Description that each Assignment Leader submits outlining the rotation and specific deliverables. Description that each Assignment Leader submits outlining the rotation and specific deliverables. Description that each Assignment Leader submits outlining the rotation and specific deliverables. Description that each Assignment Leader submits outlining the rotation and specific deliverables. Description that each Assignment Leader submits outlining the rotation and specific deliverables. Description that each Assignment Leader submits outlining the rotation and specific deliverables. Description that each Assignment Leader submits outlining the rotation and specific deliverables. Description that each Assignment Leader submits outlining the rotation and specific deliverables. Description that each Assignment Leader submits outlining the rotation and specific deliverables.', 'Erie', '62382', '2018-01-15', '2018-07-15', 'ERP', 'This role changed to fit new business needs.', 'Complete', '942708829');
INSERT INTO rotation (`Name`, `Description`, `Location`, `RID`, `Start_Date`, `End_Date`, `Department`, `PM_Feedback`, `Status`, `AL_SSO`) VALUES ('Security Engineer', 'Description that each Assignment Leader submits outlining the rotation and specific deliverables. Description that each Assignment Leader submits outlining the rotation and specific deliverables. Description that each Assignment Leader submits outlining the rotation and specific deliverables. Description that each Assignment Leader submits outlining the rotation and specific deliverables. Description that each Assignment Leader submits outlining the rotation and specific deliverables. Description that each Assignment Leader submits outlining the rotation and specific deliverables. Description that each Assignment Leader submits outlining the rotation and specific deliverables. Description that each Assignment Leader submits outlining the rotation and specific deliverables. Description that each Assignment Leader submits outlining the rotation and specific deliverables. Description that each Assignment Leader submits outlining the rotation and specific deliverables. Description that each Assignment Leader submits outlining the rotation and specific deliverables. Description that each Assignment Leader submits outlining the rotation and specific deliverables. Description that each Assignment Leader submits outlining the rotation and specific deliverables. Description that each Assignment Leader submits outlining the rotation and specific deliverables. Description that each Assignment Leader submits outlining the rotation and specific deliverables. Description that each Assignment Leader submits outlining the rotation and specific deliverables. Description that each Assignment Leader submits outlining the rotation and specific deliverables. Description that each Assignment Leader submits outlining the rotation and specific deliverables. Description that each Assignment Leader submits outlining the rotation and specific deliverables. Description that each Assignment Leader submits outlining the rotation and specific deliverables. Description that each Assignment Leader submits outlining the rotation and specific deliverables. Description that each Assignment Leader submits outlining the rotation and specific deliverables. Description that each Assignment Leader submits outlining the rotation and specific deliverables. Description that each Assignment Leader submits outlining the rotation and specific deliverables. Description that each Assignment Leader submits outlining the rotation and specific deliverables. Description that each Assignment Leader submits outlining the rotation and specific deliverables. Description that each Assignment Leader submits outlining the rotation and specific deliverables. Description that each Assignment Leader submits outlining the rotation and specific deliverables. Description that each Assignment Leader submits outlining the rotation and specific deliverables. Description that each Assignment Leader submits outlining the rotation and specific deliverables. Description that each Assignment Leader submits outlining the rotation and specific deliverables. Description that each Assignment Leader submits outlining the rotation and specific deliverables. Description that each Assignment Leader submits outlining the rotation and specific deliverables. Description that each Assignment Leader submits outlining the rotation and specific deliverables. Description that each Assignment Leader submits outlining the rotation and specific deliverables. Description that each Assignment Leader submits outlining the rotation and specific deliverables. Description that each Assignment Leader submits outlining the rotation and specific deliverables. Description that each Assignment Leader submits outlining the rotation and specific deliverables.', 'Chicago', '00407', '2018-07-15', '2019-01-15', 'Cyber Security', 'I haven\'t been receiving as much work as I would like. My project hasn\'t exactly kicked off yet.', 'In Progress', '179345699');
INSERT INTO rotation (`Name`, `Description`, `Location`, `RID`, `Start_Date`, `End_Date`, `Department`, `Status`, `AL_SSO`) VALUES ('UX Researcher', 'Description that each Assignment Leader submits outlining the rotation and specific deliverables. Description that each Assignment Leader submits outlining the rotation and specific deliverables. Description that each Assignment Leader submits outlining the rotation and specific deliverables. Description that each Assignment Leader submits outlining the rotation and specific deliverables. Description that each Assignment Leader submits outlining the rotation and specific deliverables. Description that each Assignment Leader submits outlining the rotation and specific deliverables. Description that each Assignment Leader submits outlining the rotation and specific deliverables. Description that each Assignment Leader submits outlining the rotation and specific deliverables. Description that each Assignment Leader submits outlining the rotation and specific deliverables. Description that each Assignment Leader submits outlining the rotation and specific deliverables. Description that each Assignment Leader submits outlining the rotation and specific deliverables. Description that each Assignment Leader submits outlining the rotation and specific deliverables. Description that each Assignment Leader submits outlining the rotation and specific deliverables. Description that each Assignment Leader submits outlining the rotation and specific deliverables. Description that each Assignment Leader submits outlining the rotation and specific deliverables. Description that each Assignment Leader submits outlining the rotation and specific deliverables. Description that each Assignment Leader submits outlining the rotation and specific deliverables. Description that each Assignment Leader submits outlining the rotation and specific deliverables. Description that each Assignment Leader submits outlining the rotation and specific deliverables. Description that each Assignment Leader submits outlining the rotation and specific deliverables. Description that each Assignment Leader submits outlining the rotation and specific deliverables. Description that each Assignment Leader submits outlining the rotation and specific deliverables. Description that each Assignment Leader submits outlining the rotation and specific deliverables. Description that each Assignment Leader submits outlining the rotation and specific deliverables. Description that each Assignment Leader submits outlining the rotation and specific deliverables. Description that each Assignment Leader submits outlining the rotation and specific deliverables. Description that each Assignment Leader submits outlining the rotation and specific deliverables. Description that each Assignment Leader submits outlining the rotation and specific deliverables. Description that each Assignment Leader submits outlining the rotation and specific deliverables. Description that each Assignment Leader submits outlining the rotation and specific deliverables. Description that each Assignment Leader submits outlining the rotation and specific deliverables. Description that each Assignment Leader submits outlining the rotation and specific deliverables. Description that each Assignment Leader submits outlining the rotation and specific deliverables. Description that each Assignment Leader submits outlining the rotation and specific deliverables. Description that each Assignment Leader submits outlining the rotation and specific deliverables. Description that each Assignment Leader submits outlining the rotation and specific deliverables. Description that each Assignment Leader submits outlining the rotation and specific deliverables. Description that each Assignment Leader submits outlining the rotation and specific deliverables.', 'Chicago', '36047', '2018-07-15', '2019-01-15', 'Design & UX', 'In Progress', '229457959');

INSERT INTO rotation_submission (`Name`, `Location`, `RID`, `Department`, `Past_Experience`, `Mentor_Name`, `Coleader`, `Outcomes`, `Approval_Status`, `Travel_Amount`, `Sub_Functional_Areas`, `Description`, `Submission_Date`, `AL_SSO`, `BPM_SSO`) VALUES ('Inventory Planner', 'Erie', '8565', 'Supply Chain', 'Yes', 'Laura Wood', 'No', 'List of specific deliverables.', 'Approved', 'Low', 'List of selected subfunctional areas', 'Description that each Assignment Leader submits outlining the rotation and specific deliverables. Description that each Assignment Leader submits outlining the rotation and specific deliverables. Description that each Assignment Leader submits outlining the rotation and specific deliverables. Description that each Assignment Leader submits outlining the rotation and specific deliverables. Description that each Assignment Leader submits outlining the rotation and specific deliverables. Description that each Assignment Leader submits outlining the rotation and specific deliverables. Description that each Assignment Leader submits outlining the rotation and specific deliverables. Description that each Assignment Leader submits outlining the rotation and specific deliverables. Description that each Assignment Leader submits outlining the rotation and specific deliverables. Description that each Assignment Leader submits outlining the rotation and specific deliverables. Description that each Assignment Leader submits outlining the rotation and specific deliverables. Description that each Assignment Leader submits outlining the rotation and specific deliverables. Description that each Assignment Leader submits outlining the rotation and specific deliverables. Description that each Assignment Leader submits outlining the rotation and specific deliverables. Description that each Assignment Leader submits outlining the rotation and specific deliverables. Description that each Assignment Leader submits outlining the rotation and specific deliverables. Description that each Assignment Leader submits outlining the rotation and specific deliverables. Description that each Assignment Leader submits outlining the rotation and specific deliverables. Description that each Assignment Leader submits outlining the rotation and specific deliverables. Description that each Assignment Leader submits outlining the rotation and specific deliverables. Description that each Assignment Leader submits outlining the rotation and specific deliverables. Description that each Assignment Leader submits outlining the rotation and specific deliverables. Description that each Assignment Leader submits outlining the rotation and specific deliverables. Description that each Assignment Leader submits outlining the rotation and specific deliverables. Description that each Assignment Leader submits outlining the rotation and specific deliverables. Description that each Assignment Leader submits outlining the rotation and specific deliverables. Description that each Assignment Leader submits outlining the rotation and specific deliverables. Description that each Assignment Leader submits outlining the rotation and specific deliverables. Description that each Assignment Leader submits outlining the rotation and specific deliverables. Description that each Assignment Leader submits outlining the rotation and specific deliverables. Description that each Assignment Leader submits outlining the rotation and specific deliverables. Description that each Assignment Leader submits outlining the rotation and specific deliverables. Description that each Assignment Leader submits outlining the rotation and specific deliverables. Description that each Assignment Leader submits outlining the rotation and specific deliverables. Description that each Assignment Leader submits outlining the rotation and specific deliverables. Description that each Assignment Leader submits outlining the rotation and specific deliverables. Description that each Assignment Leader submits outlining the rotation and specific deliverables. Description that each Assignment Leader submits outlining the rotation and specific deliverables.', '2018-01-01', '499147736', '123456789');
INSERT INTO rotation_submission (`Name`, `Location`, `RID`, `Department`, `Past_Experience`, `Mentor_Name`, `Coleader`, `Outcomes`, `Approval_Status`, `Travel_Amount`, `Sub_Functional_Areas`, `Description`, `Submission_Date`, `AL_SSO`, `BPM_SSO`) VALUES ('Database Developer', 'Erie', '21090', 'ERP', 'Yes', 'Doug Washington', 'No', 'List of specific deliverables.', 'Approved', 'Low', 'List of selected subfunctional areas', 'Description that each Assignment Leader submits outlining the rotation and specific deliverables. Description that each Assignment Leader submits outlining the rotation and specific deliverables. Description that each Assignment Leader submits outlining the rotation and specific deliverables. Description that each Assignment Leader submits outlining the rotation and specific deliverables. Description that each Assignment Leader submits outlining the rotation and specific deliverables. Description that each Assignment Leader submits outlining the rotation and specific deliverables. Description that each Assignment Leader submits outlining the rotation and specific deliverables. Description that each Assignment Leader submits outlining the rotation and specific deliverables. Description that each Assignment Leader submits outlining the rotation and specific deliverables. Description that each Assignment Leader submits outlining the rotation and specific deliverables. Description that each Assignment Leader submits outlining the rotation and specific deliverables. Description that each Assignment Leader submits outlining the rotation and specific deliverables. Description that each Assignment Leader submits outlining the rotation and specific deliverables. Description that each Assignment Leader submits outlining the rotation and specific deliverables. Description that each Assignment Leader submits outlining the rotation and specific deliverables. Description that each Assignment Leader submits outlining the rotation and specific deliverables. Description that each Assignment Leader submits outlining the rotation and specific deliverables. Description that each Assignment Leader submits outlining the rotation and specific deliverables. Description that each Assignment Leader submits outlining the rotation and specific deliverables. Description that each Assignment Leader submits outlining the rotation and specific deliverables. Description that each Assignment Leader submits outlining the rotation and specific deliverables. Description that each Assignment Leader submits outlining the rotation and specific deliverables. Description that each Assignment Leader submits outlining the rotation and specific deliverables. Description that each Assignment Leader submits outlining the rotation and specific deliverables. Description that each Assignment Leader submits outlining the rotation and specific deliverables. Description that each Assignment Leader submits outlining the rotation and specific deliverables. Description that each Assignment Leader submits outlining the rotation and specific deliverables. Description that each Assignment Leader submits outlining the rotation and specific deliverables. Description that each Assignment Leader submits outlining the rotation and specific deliverables. Description that each Assignment Leader submits outlining the rotation and specific deliverables. Description that each Assignment Leader submits outlining the rotation and specific deliverables. Description that each Assignment Leader submits outlining the rotation and specific deliverables. Description that each Assignment Leader submits outlining the rotation and specific deliverables. Description that each Assignment Leader submits outlining the rotation and specific deliverables. Description that each Assignment Leader submits outlining the rotation and specific deliverables. Description that each Assignment Leader submits outlining the rotation and specific deliverables. Description that each Assignment Leader submits outlining the rotation and specific deliverables. Description that each Assignment Leader submits outlining the rotation and specific deliverables.', '2018-01-05', '179345699', '123456789');
INSERT INTO rotation_submission (`Name`, `Location`, `RID`, `Department`, `Past_Experience`, `Mentor_Name`, `Coleader`, `Outcomes`, `Approval_Status`, `Travel_Amount`, `Sub_Functional_Areas`, `Description`, `Submission_Date`, `AL_SSO`, `BPM_SSO`) VALUES ('UX Designer', 'Chicago', '24728', 'Design & UX', 'Yes', 'Kevin Bryant', 'No', 'List of specific deliverables.', 'Approved', 'Medium', 'List of selected subfunctional areas', 'Description that each Assignment Leader submits outlining the rotation and specific deliverables. Description that each Assignment Leader submits outlining the rotation and specific deliverables. Description that each Assignment Leader submits outlining the rotation and specific deliverables. Description that each Assignment Leader submits outlining the rotation and specific deliverables. Description that each Assignment Leader submits outlining the rotation and specific deliverables. Description that each Assignment Leader submits outlining the rotation and specific deliverables. Description that each Assignment Leader submits outlining the rotation and specific deliverables. Description that each Assignment Leader submits outlining the rotation and specific deliverables. Description that each Assignment Leader submits outlining the rotation and specific deliverables. Description that each Assignment Leader submits outlining the rotation and specific deliverables. Description that each Assignment Leader submits outlining the rotation and specific deliverables. Description that each Assignment Leader submits outlining the rotation and specific deliverables. Description that each Assignment Leader submits outlining the rotation and specific deliverables. Description that each Assignment Leader submits outlining the rotation and specific deliverables. Description that each Assignment Leader submits outlining the rotation and specific deliverables. Description that each Assignment Leader submits outlining the rotation and specific deliverables. Description that each Assignment Leader submits outlining the rotation and specific deliverables. Description that each Assignment Leader submits outlining the rotation and specific deliverables. Description that each Assignment Leader submits outlining the rotation and specific deliverables. Description that each Assignment Leader submits outlining the rotation and specific deliverables. Description that each Assignment Leader submits outlining the rotation and specific deliverables. Description that each Assignment Leader submits outlining the rotation and specific deliverables. Description that each Assignment Leader submits outlining the rotation and specific deliverables. Description that each Assignment Leader submits outlining the rotation and specific deliverables. Description that each Assignment Leader submits outlining the rotation and specific deliverables. Description that each Assignment Leader submits outlining the rotation and specific deliverables. Description that each Assignment Leader submits outlining the rotation and specific deliverables. Description that each Assignment Leader submits outlining the rotation and specific deliverables. Description that each Assignment Leader submits outlining the rotation and specific deliverables. Description that each Assignment Leader submits outlining the rotation and specific deliverables. Description that each Assignment Leader submits outlining the rotation and specific deliverables. Description that each Assignment Leader submits outlining the rotation and specific deliverables. Description that each Assignment Leader submits outlining the rotation and specific deliverables. Description that each Assignment Leader submits outlining the rotation and specific deliverables. Description that each Assignment Leader submits outlining the rotation and specific deliverables. Description that each Assignment Leader submits outlining the rotation and specific deliverables. Description that each Assignment Leader submits outlining the rotation and specific deliverables. Description that each Assignment Leader submits outlining the rotation and specific deliverables.', '2018-01-05', '229457959', '123456789');
INSERT INTO rotation_submission (`Name`, `Location`, `RID`, `Department`, `Past_Experience`, `Mentor_Name`, `Coleader`, `Outcomes`, `Approval_Status`, `Travel_Amount`, `Sub_Functional_Areas`, `Description`, `Submission_Date`, `AL_SSO`, `BPM_SSO`) VALUES ('Security Analyst', 'Chicago', '17179', 'Cyber Security', 'Yes', 'Alice Carter', 'Yes', 'List of specific deliverables.', 'Approved', 'Medium', 'List of selected subfunctional areas', 'Description that each Assignment Leader submits outlining the rotation and specific deliverables. Description that each Assignment Leader submits outlining the rotation and specific deliverables. Description that each Assignment Leader submits outlining the rotation and specific deliverables. Description that each Assignment Leader submits outlining the rotation and specific deliverables. Description that each Assignment Leader submits outlining the rotation and specific deliverables. Description that each Assignment Leader submits outlining the rotation and specific deliverables. Description that each Assignment Leader submits outlining the rotation and specific deliverables. Description that each Assignment Leader submits outlining the rotation and specific deliverables. Description that each Assignment Leader submits outlining the rotation and specific deliverables. Description that each Assignment Leader submits outlining the rotation and specific deliverables. Description that each Assignment Leader submits outlining the rotation and specific deliverables. Description that each Assignment Leader submits outlining the rotation and specific deliverables. Description that each Assignment Leader submits outlining the rotation and specific deliverables. Description that each Assignment Leader submits outlining the rotation and specific deliverables. Description that each Assignment Leader submits outlining the rotation and specific deliverables. Description that each Assignment Leader submits outlining the rotation and specific deliverables. Description that each Assignment Leader submits outlining the rotation and specific deliverables. Description that each Assignment Leader submits outlining the rotation and specific deliverables. Description that each Assignment Leader submits outlining the rotation and specific deliverables. Description that each Assignment Leader submits outlining the rotation and specific deliverables. Description that each Assignment Leader submits outlining the rotation and specific deliverables. Description that each Assignment Leader submits outlining the rotation and specific deliverables. Description that each Assignment Leader submits outlining the rotation and specific deliverables. Description that each Assignment Leader submits outlining the rotation and specific deliverables. Description that each Assignment Leader submits outlining the rotation and specific deliverables. Description that each Assignment Leader submits outlining the rotation and specific deliverables. Description that each Assignment Leader submits outlining the rotation and specific deliverables. Description that each Assignment Leader submits outlining the rotation and specific deliverables. Description that each Assignment Leader submits outlining the rotation and specific deliverables. Description that each Assignment Leader submits outlining the rotation and specific deliverables. Description that each Assignment Leader submits outlining the rotation and specific deliverables. Description that each Assignment Leader submits outlining the rotation and specific deliverables. Description that each Assignment Leader submits outlining the rotation and specific deliverables. Description that each Assignment Leader submits outlining the rotation and specific deliverables. Description that each Assignment Leader submits outlining the rotation and specific deliverables. Description that each Assignment Leader submits outlining the rotation and specific deliverables. Description that each Assignment Leader submits outlining the rotation and specific deliverables. Description that each Assignment Leader submits outlining the rotation and specific deliverables.', '2018-01-06', '240114027', '546786999');
INSERT INTO rotation_submission (`Name`, `Location`, `RID`, `Department`, `Past_Experience`, `Mentor_Name`, `Coleader`, `Outcomes`, `Approval_Status`, `Travel_Amount`, `Sub_Functional_Areas`, `Description`, `Submission_Date`, `AL_SSO`, `BPM_SSO`) VALUES ('Risk Analyst', 'Chicago', '74899', 'Risk & Compliance', 'Yes', 'Johnny Evans', 'No', 'List of specific deliverables.', 'Approved', 'Medium', 'List of selected subfunctional areas', 'Description that each Assignment Leader submits outlining the rotation and specific deliverables. Description that each Assignment Leader submits outlining the rotation and specific deliverables. Description that each Assignment Leader submits outlining the rotation and specific deliverables. Description that each Assignment Leader submits outlining the rotation and specific deliverables. Description that each Assignment Leader submits outlining the rotation and specific deliverables. Description that each Assignment Leader submits outlining the rotation and specific deliverables. Description that each Assignment Leader submits outlining the rotation and specific deliverables. Description that each Assignment Leader submits outlining the rotation and specific deliverables. Description that each Assignment Leader submits outlining the rotation and specific deliverables. Description that each Assignment Leader submits outlining the rotation and specific deliverables. Description that each Assignment Leader submits outlining the rotation and specific deliverables. Description that each Assignment Leader submits outlining the rotation and specific deliverables. Description that each Assignment Leader submits outlining the rotation and specific deliverables. Description that each Assignment Leader submits outlining the rotation and specific deliverables. Description that each Assignment Leader submits outlining the rotation and specific deliverables. Description that each Assignment Leader submits outlining the rotation and specific deliverables. Description that each Assignment Leader submits outlining the rotation and specific deliverables. Description that each Assignment Leader submits outlining the rotation and specific deliverables. Description that each Assignment Leader submits outlining the rotation and specific deliverables. Description that each Assignment Leader submits outlining the rotation and specific deliverables. Description that each Assignment Leader submits outlining the rotation and specific deliverables. Description that each Assignment Leader submits outlining the rotation and specific deliverables. Description that each Assignment Leader submits outlining the rotation and specific deliverables. Description that each Assignment Leader submits outlining the rotation and specific deliverables. Description that each Assignment Leader submits outlining the rotation and specific deliverables. Description that each Assignment Leader submits outlining the rotation and specific deliverables. Description that each Assignment Leader submits outlining the rotation and specific deliverables. Description that each Assignment Leader submits outlining the rotation and specific deliverables. Description that each Assignment Leader submits outlining the rotation and specific deliverables. Description that each Assignment Leader submits outlining the rotation and specific deliverables. Description that each Assignment Leader submits outlining the rotation and specific deliverables. Description that each Assignment Leader submits outlining the rotation and specific deliverables. Description that each Assignment Leader submits outlining the rotation and specific deliverables. Description that each Assignment Leader submits outlining the rotation and specific deliverables. Description that each Assignment Leader submits outlining the rotation and specific deliverables. Description that each Assignment Leader submits outlining the rotation and specific deliverables. Description that each Assignment Leader submits outlining the rotation and specific deliverables. Description that each Assignment Leader submits outlining the rotation and specific deliverables.', '2018-01-07', '236871199', '546786999');
INSERT INTO rotation_submission (`Name`, `Location`, `RID`, `Department`, `Past_Experience`, `Mentor_Name`, `Coleader`, `Outcomes`, `Approval_Status`, `Travel_Amount`, `Sub_Functional_Areas`, `Description`, `Submission_Date`, `AL_SSO`, `BPM_SSO`) VALUES ('Operations Analyst', 'Erie', '83958', 'Digital Operations', 'Yes', 'Paul Coleman', 'Yes', 'List of specific deliverables.', 'Approved', 'Low', 'List of selected subfunctional areas', 'Description that each Assignment Leader submits outlining the rotation and specific deliverables. Description that each Assignment Leader submits outlining the rotation and specific deliverables. Description that each Assignment Leader submits outlining the rotation and specific deliverables. Description that each Assignment Leader submits outlining the rotation and specific deliverables. Description that each Assignment Leader submits outlining the rotation and specific deliverables. Description that each Assignment Leader submits outlining the rotation and specific deliverables. Description that each Assignment Leader submits outlining the rotation and specific deliverables. Description that each Assignment Leader submits outlining the rotation and specific deliverables. Description that each Assignment Leader submits outlining the rotation and specific deliverables. Description that each Assignment Leader submits outlining the rotation and specific deliverables. Description that each Assignment Leader submits outlining the rotation and specific deliverables. Description that each Assignment Leader submits outlining the rotation and specific deliverables. Description that each Assignment Leader submits outlining the rotation and specific deliverables. Description that each Assignment Leader submits outlining the rotation and specific deliverables. Description that each Assignment Leader submits outlining the rotation and specific deliverables. Description that each Assignment Leader submits outlining the rotation and specific deliverables. Description that each Assignment Leader submits outlining the rotation and specific deliverables. Description that each Assignment Leader submits outlining the rotation and specific deliverables. Description that each Assignment Leader submits outlining the rotation and specific deliverables. Description that each Assignment Leader submits outlining the rotation and specific deliverables. Description that each Assignment Leader submits outlining the rotation and specific deliverables. Description that each Assignment Leader submits outlining the rotation and specific deliverables. Description that each Assignment Leader submits outlining the rotation and specific deliverables. Description that each Assignment Leader submits outlining the rotation and specific deliverables. Description that each Assignment Leader submits outlining the rotation and specific deliverables. Description that each Assignment Leader submits outlining the rotation and specific deliverables. Description that each Assignment Leader submits outlining the rotation and specific deliverables. Description that each Assignment Leader submits outlining the rotation and specific deliverables. Description that each Assignment Leader submits outlining the rotation and specific deliverables. Description that each Assignment Leader submits outlining the rotation and specific deliverables. Description that each Assignment Leader submits outlining the rotation and specific deliverables. Description that each Assignment Leader submits outlining the rotation and specific deliverables. Description that each Assignment Leader submits outlining the rotation and specific deliverables. Description that each Assignment Leader submits outlining the rotation and specific deliverables. Description that each Assignment Leader submits outlining the rotation and specific deliverables. Description that each Assignment Leader submits outlining the rotation and specific deliverables. Description that each Assignment Leader submits outlining the rotation and specific deliverables. Description that each Assignment Leader submits outlining the rotation and specific deliverables.', '2018-01-08', '112233489', '123445566');
INSERT INTO rotation_submission (`Name`, `Location`, `RID`, `Department`, `Past_Experience`, `Mentor_Name`, `Coleader`, `Outcomes`, `Approval_Status`, `Travel_Amount`, `Sub_Functional_Areas`, `Description`, `Submission_Date`, `AL_SSO`, `BPM_SSO`) VALUES ('Logistics Manager', 'Erie', '32222', 'Supply Chain', 'Yes', 'James Simmons', 'No', 'List of specific deliverables.', 'Approved', 'Medium', 'List of selected subfunctional areas', 'Description that each Assignment Leader submits outlining the rotation and specific deliverables. Description that each Assignment Leader submits outlining the rotation and specific deliverables. Description that each Assignment Leader submits outlining the rotation and specific deliverables. Description that each Assignment Leader submits outlining the rotation and specific deliverables. Description that each Assignment Leader submits outlining the rotation and specific deliverables. Description that each Assignment Leader submits outlining the rotation and specific deliverables. Description that each Assignment Leader submits outlining the rotation and specific deliverables. Description that each Assignment Leader submits outlining the rotation and specific deliverables. Description that each Assignment Leader submits outlining the rotation and specific deliverables. Description that each Assignment Leader submits outlining the rotation and specific deliverables. Description that each Assignment Leader submits outlining the rotation and specific deliverables. Description that each Assignment Leader submits outlining the rotation and specific deliverables. Description that each Assignment Leader submits outlining the rotation and specific deliverables. Description that each Assignment Leader submits outlining the rotation and specific deliverables. Description that each Assignment Leader submits outlining the rotation and specific deliverables. Description that each Assignment Leader submits outlining the rotation and specific deliverables. Description that each Assignment Leader submits outlining the rotation and specific deliverables. Description that each Assignment Leader submits outlining the rotation and specific deliverables. Description that each Assignment Leader submits outlining the rotation and specific deliverables. Description that each Assignment Leader submits outlining the rotation and specific deliverables. Description that each Assignment Leader submits outlining the rotation and specific deliverables. Description that each Assignment Leader submits outlining the rotation and specific deliverables. Description that each Assignment Leader submits outlining the rotation and specific deliverables. Description that each Assignment Leader submits outlining the rotation and specific deliverables. Description that each Assignment Leader submits outlining the rotation and specific deliverables. Description that each Assignment Leader submits outlining the rotation and specific deliverables. Description that each Assignment Leader submits outlining the rotation and specific deliverables. Description that each Assignment Leader submits outlining the rotation and specific deliverables. Description that each Assignment Leader submits outlining the rotation and specific deliverables. Description that each Assignment Leader submits outlining the rotation and specific deliverables. Description that each Assignment Leader submits outlining the rotation and specific deliverables. Description that each Assignment Leader submits outlining the rotation and specific deliverables. Description that each Assignment Leader submits outlining the rotation and specific deliverables. Description that each Assignment Leader submits outlining the rotation and specific deliverables. Description that each Assignment Leader submits outlining the rotation and specific deliverables. Description that each Assignment Leader submits outlining the rotation and specific deliverables. Description that each Assignment Leader submits outlining the rotation and specific deliverables. Description that each Assignment Leader submits outlining the rotation and specific deliverables.', '2018-01-09', '499147736', '123445566');
INSERT INTO rotation_submission (`Name`, `Location`, `RID`, `Department`, `Past_Experience`, `Mentor_Name`, `Coleader`, `Outcomes`, `Approval_Status`, `Travel_Amount`, `Sub_Functional_Areas`, `Description`, `Submission_Date`, `AL_SSO`, `BPM_SSO`) VALUES ('Data Analyst', 'Erie', '62382', 'ERP', 'Yes', 'Dennis Patterson', 'No', 'List of specific deliverables.', 'Approved', 'Low', 'List of selected subfunctional areas', 'Description that each Assignment Leader submits outlining the rotation and specific deliverables. Description that each Assignment Leader submits outlining the rotation and specific deliverables. Description that each Assignment Leader submits outlining the rotation and specific deliverables. Description that each Assignment Leader submits outlining the rotation and specific deliverables. Description that each Assignment Leader submits outlining the rotation and specific deliverables. Description that each Assignment Leader submits outlining the rotation and specific deliverables. Description that each Assignment Leader submits outlining the rotation and specific deliverables. Description that each Assignment Leader submits outlining the rotation and specific deliverables. Description that each Assignment Leader submits outlining the rotation and specific deliverables. Description that each Assignment Leader submits outlining the rotation and specific deliverables. Description that each Assignment Leader submits outlining the rotation and specific deliverables. Description that each Assignment Leader submits outlining the rotation and specific deliverables. Description that each Assignment Leader submits outlining the rotation and specific deliverables. Description that each Assignment Leader submits outlining the rotation and specific deliverables. Description that each Assignment Leader submits outlining the rotation and specific deliverables. Description that each Assignment Leader submits outlining the rotation and specific deliverables. Description that each Assignment Leader submits outlining the rotation and specific deliverables. Description that each Assignment Leader submits outlining the rotation and specific deliverables. Description that each Assignment Leader submits outlining the rotation and specific deliverables. Description that each Assignment Leader submits outlining the rotation and specific deliverables. Description that each Assignment Leader submits outlining the rotation and specific deliverables. Description that each Assignment Leader submits outlining the rotation and specific deliverables. Description that each Assignment Leader submits outlining the rotation and specific deliverables. Description that each Assignment Leader submits outlining the rotation and specific deliverables. Description that each Assignment Leader submits outlining the rotation and specific deliverables. Description that each Assignment Leader submits outlining the rotation and specific deliverables. Description that each Assignment Leader submits outlining the rotation and specific deliverables. Description that each Assignment Leader submits outlining the rotation and specific deliverables. Description that each Assignment Leader submits outlining the rotation and specific deliverables. Description that each Assignment Leader submits outlining the rotation and specific deliverables. Description that each Assignment Leader submits outlining the rotation and specific deliverables. Description that each Assignment Leader submits outlining the rotation and specific deliverables. Description that each Assignment Leader submits outlining the rotation and specific deliverables. Description that each Assignment Leader submits outlining the rotation and specific deliverables. Description that each Assignment Leader submits outlining the rotation and specific deliverables. Description that each Assignment Leader submits outlining the rotation and specific deliverables. Description that each Assignment Leader submits outlining the rotation and specific deliverables. Description that each Assignment Leader submits outlining the rotation and specific deliverables.', '2018-01-10', '942708829', '123456789');
INSERT INTO rotation_submission (`Name`, `Location`, `RID`, `Department`, `Past_Experience`, `Mentor_Name`, `Coleader`, `Outcomes`, `Approval_Status`, `Travel_Amount`, `Sub_Functional_Areas`, `Description`, `Submission_Date`, `AL_SSO`, `BPM_SSO`) VALUES ('Security Engineer', 'Chicago', '407', 'Cyber Security', 'No', 'Virginia King', 'Yes', 'List of specific deliverables.', 'Approved', 'Low', 'List of selected subfunctional areas', 'Description that each Assignment Leader submits outlining the rotation and specific deliverables. Description that each Assignment Leader submits outlining the rotation and specific deliverables. Description that each Assignment Leader submits outlining the rotation and specific deliverables. Description that each Assignment Leader submits outlining the rotation and specific deliverables. Description that each Assignment Leader submits outlining the rotation and specific deliverables. Description that each Assignment Leader submits outlining the rotation and specific deliverables. Description that each Assignment Leader submits outlining the rotation and specific deliverables. Description that each Assignment Leader submits outlining the rotation and specific deliverables. Description that each Assignment Leader submits outlining the rotation and specific deliverables. Description that each Assignment Leader submits outlining the rotation and specific deliverables. Description that each Assignment Leader submits outlining the rotation and specific deliverables. Description that each Assignment Leader submits outlining the rotation and specific deliverables. Description that each Assignment Leader submits outlining the rotation and specific deliverables. Description that each Assignment Leader submits outlining the rotation and specific deliverables. Description that each Assignment Leader submits outlining the rotation and specific deliverables. Description that each Assignment Leader submits outlining the rotation and specific deliverables. Description that each Assignment Leader submits outlining the rotation and specific deliverables. Description that each Assignment Leader submits outlining the rotation and specific deliverables. Description that each Assignment Leader submits outlining the rotation and specific deliverables. Description that each Assignment Leader submits outlining the rotation and specific deliverables. Description that each Assignment Leader submits outlining the rotation and specific deliverables. Description that each Assignment Leader submits outlining the rotation and specific deliverables. Description that each Assignment Leader submits outlining the rotation and specific deliverables. Description that each Assignment Leader submits outlining the rotation and specific deliverables. Description that each Assignment Leader submits outlining the rotation and specific deliverables. Description that each Assignment Leader submits outlining the rotation and specific deliverables. Description that each Assignment Leader submits outlining the rotation and specific deliverables. Description that each Assignment Leader submits outlining the rotation and specific deliverables. Description that each Assignment Leader submits outlining the rotation and specific deliverables. Description that each Assignment Leader submits outlining the rotation and specific deliverables. Description that each Assignment Leader submits outlining the rotation and specific deliverables. Description that each Assignment Leader submits outlining the rotation and specific deliverables. Description that each Assignment Leader submits outlining the rotation and specific deliverables. Description that each Assignment Leader submits outlining the rotation and specific deliverables. Description that each Assignment Leader submits outlining the rotation and specific deliverables. Description that each Assignment Leader submits outlining the rotation and specific deliverables. Description that each Assignment Leader submits outlining the rotation and specific deliverables. Description that each Assignment Leader submits outlining the rotation and specific deliverables.', '2018-01-12', '179345699', '123456789');
INSERT INTO rotation_submission (`Name`, `Location`, `RID`, `Department`, `Past_Experience`, `Mentor_Name`, `Coleader`, `Outcomes`, `Approval_Status`, `Travel_Amount`, `Sub_Functional_Areas`, `Description`, `Submission_Date`, `AL_SSO`, `BPM_SSO`) VALUES ('UX Researcher', 'Chicago', '36047', 'Design & UX', 'Yes', 'Carl Phillips', 'No', 'List of specific deliverables.', 'Approved', 'Medium', 'List of selected subfunctional areas', 'Description that each Assignment Leader submits outlining the rotation and specific deliverables. Description that each Assignment Leader submits outlining the rotation and specific deliverables. Description that each Assignment Leader submits outlining the rotation and specific deliverables. Description that each Assignment Leader submits outlining the rotation and specific deliverables. Description that each Assignment Leader submits outlining the rotation and specific deliverables. Description that each Assignment Leader submits outlining the rotation and specific deliverables. Description that each Assignment Leader submits outlining the rotation and specific deliverables. Description that each Assignment Leader submits outlining the rotation and specific deliverables. Description that each Assignment Leader submits outlining the rotation and specific deliverables. Description that each Assignment Leader submits outlining the rotation and specific deliverables. Description that each Assignment Leader submits outlining the rotation and specific deliverables. Description that each Assignment Leader submits outlining the rotation and specific deliverables. Description that each Assignment Leader submits outlining the rotation and specific deliverables. Description that each Assignment Leader submits outlining the rotation and specific deliverables. Description that each Assignment Leader submits outlining the rotation and specific deliverables. Description that each Assignment Leader submits outlining the rotation and specific deliverables. Description that each Assignment Leader submits outlining the rotation and specific deliverables. Description that each Assignment Leader submits outlining the rotation and specific deliverables. Description that each Assignment Leader submits outlining the rotation and specific deliverables. Description that each Assignment Leader submits outlining the rotation and specific deliverables. Description that each Assignment Leader submits outlining the rotation and specific deliverables. Description that each Assignment Leader submits outlining the rotation and specific deliverables. Description that each Assignment Leader submits outlining the rotation and specific deliverables. Description that each Assignment Leader submits outlining the rotation and specific deliverables. Description that each Assignment Leader submits outlining the rotation and specific deliverables. Description that each Assignment Leader submits outlining the rotation and specific deliverables. Description that each Assignment Leader submits outlining the rotation and specific deliverables. Description that each Assignment Leader submits outlining the rotation and specific deliverables. Description that each Assignment Leader submits outlining the rotation and specific deliverables. Description that each Assignment Leader submits outlining the rotation and specific deliverables. Description that each Assignment Leader submits outlining the rotation and specific deliverables. Description that each Assignment Leader submits outlining the rotation and specific deliverables. Description that each Assignment Leader submits outlining the rotation and specific deliverables. Description that each Assignment Leader submits outlining the rotation and specific deliverables. Description that each Assignment Leader submits outlining the rotation and specific deliverables. Description that each Assignment Leader submits outlining the rotation and specific deliverables. Description that each Assignment Leader submits outlining the rotation and specific deliverables. Description that each Assignment Leader submits outlining the rotation and specific deliverables.', '2018-01-15', '229457959', '123456789');

INSERT INTO fulfills (`Date`, `AL_SSO`) VALUES ('2018-05-15', '229457959');
INSERT INTO fulfills (`Date`, `AL_SSO`) VALUES ('2018-05-20', '236871199');
INSERT INTO fulfills (`Date`, `AL_SSO`) VALUES ('2018-08-15', '822121659');
INSERT INTO fulfills (`Date`, `AL_SSO`) VALUES ('2018-12-15', '822121659');
INSERT INTO fulfills (`Date`, `AL_SSO`) VALUES ('2018-10-15', '857049744');

INSERT INTO program_member (`PM_FName`, `PM_LName`, `PM_SSO`, `University`, `Hire_Date`, `Major`, `Track`, `PM_Password`, `Rotation_1`, `Rotation_2`, `Rotation_3`, `Email`, `BPM_SSO`, `Action_Name`) VALUES ('Paul', 'Adams', '401006431', 'Penn State', '2018-01-15', 'Mechanical Engineering', 'Engineering', 'yxnE99PJ', '32222', '24728', '00407', 'padams@ge.com', '998877665', 'Rank rotations');
INSERT INTO program_member (`PM_FName`, `PM_LName`, `PM_SSO`, `University`, `Hire_Date`, `Major`, `Track`, `PM_Password`, `Rotation_1`, `Rotation_2`, `Rotation_3`, `Rotation_4`, `Email`, `BPM_SSO`, `Action_Name`) VALUES ('Richard', 'King', '133894629', 'Loyola Chicago', '2017-07-15', 'Finance', 'Finance', 'VR7mFp62', '32222', '24728', '32222', '00407', 'rking@ge.com', '546786999', 'Rank rotations');
INSERT INTO program_member (`PM_FName`, `PM_LName`, `PM_SSO`, `University`, `Hire_Date`, `Major`, `Track`, `PM_Password`, `Rotation_1`, `Email`, `BPM_SSO`, `Action_Name`) VALUES ('Michelle', 'Bailey', '162372889', 'Penn State Behrend', '2019-01-15', 'Mechanical Engineering', 'Engineering', 'B8VLQHbD', '00407', 'mbailey@ge.com', '998877665', 'Rank rotations');
INSERT INTO program_member (`PM_FName`, `PM_LName`, `PM_SSO`, `University`, `Hire_Date`, `Major`, `Track`, `PM_Password`, `Rotation_1`, `Rotation_2`, `Rotation_3`, `Rotation_4`, `Email`, `BPM_SSO`, `Action_Name`) VALUES ('Robert', 'Hall', '205659392', 'Notre Dame', '2017-01-15', 'Computer Science', 'Digital', 'Mt8Th2FV', '32222', '24728', '32222', '00407', 'rhall@ge.com', '123456789', 'Rank rotations');
INSERT INTO program_member (`PM_FName`, `PM_LName`, `PM_SSO`, `University`, `Hire_Date`, `Major`, `Track`, `PM_Password`, `Rotation_1`, `Rotation_2`, `Rotation_3`, `Rotation_4`, `Email`, `BPM_SSO`, `Action_Name`) VALUES ('William', 'Young', '239021151', 'Penn State Behrend', '2017-01-15', 'Supply Chain', 'Operations', '7SQvKuay', '32222', '24728', '32222', '00407', 'wyoung@ge.com', '123445566', 'Rank rotations');
INSERT INTO program_member (`PM_FName`, `PM_LName`, `PM_SSO`, `University`, `Hire_Date`, `Major`, `Track`, `PM_Password`, `Rotation_1`, `Email`, `BPM_SSO`, `Action_Name`) VALUES ('Laura', 'Cooper', '386953815', 'Lehigh University', '2019-01-15', 'Supply Chain', 'Commercial', 'ukakgK2Y', '24728', 'lcooper@ge.com', '122234555', 'Rank rotations');
INSERT INTO program_member (`PM_FName`, `PM_LName`, `PM_SSO`, `University`, `Hire_Date`, `Major`, `Track`, `PM_Password`, `Rotation_1`, `Rotation_2`, `Rotation_3`, `Rotation_4`, `Email`, `BPM_SSO`, `Action_Name`) VALUES ('Chris', 'Scott', '416627912', 'Lehigh University', '2017-07-15', 'Mechanical Engineering', 'Engineering', 'LKTyZqLx', '24728', '32222', '24728', '00407', 'cscott@ge.com', '998877665', 'Rank rotations');
INSERT INTO program_member (`PM_FName`, `PM_LName`, `PM_SSO`, `University`, `Hire_Date`, `Major`, `Track`, `PM_Password`, `Rotation_1`, `Rotation_2`, `Email`, `BPM_SSO`, `Action_Name`) VALUES ('Barbara', 'Reed', '466709355', 'Notre Dame', '2018-07-15', 'Supply Chain', 'Operations', 'vRB6BdR7', '24728', '00407', 'breed@ge.com', '123445566', 'Rank rotations');
INSERT INTO program_member (`PM_FName`, `PM_LName`, `PM_SSO`, `University`, `Hire_Date`, `Major`, `Track`, `PM_Password`, `Rotation_1`, `Rotation_2`, `Rotation_3`, `Email`, `BPM_SSO`, `Action_Name`) VALUES ('Dan', 'Green', '497204159', 'Penn State', '2018-01-15', 'Electrical Engineering', 'Engineering', '8zNygg6m', '32222', '24728', '00407', 'dgreen@ge.com', '998877665', 'Rank rotations');
INSERT INTO program_member (`PM_FName`, `PM_LName`, `PM_SSO`, `University`, `Hire_Date`, `Major`, `Track`, `PM_Password`, `Rotation_1`, `Rotation_2`, `Rotation_3`, `Rotation_4`, `Email`, `BPM_SSO`, `Action_Name`) VALUES ('Charles', 'Wright', '584720478', 'RIT', '2017-07-15', 'Supply Chain', 'Commercial', 'GCbj4HvC', '24728', '32222', '24728', '00407', 'cwright@ge.com', '122234555', 'Rank rotations');
INSERT INTO program_member (`PM_FName`, `PM_LName`, `PM_SSO`, `University`, `Hire_Date`, `Major`, `Track`, `PM_Password`, `Rotation_1`, `Rotation_2`, `Email`, `BPM_SSO`, `Action_Name`) VALUES ('Linda', 'Baker', '660622449', 'Penn State Behrend', '2018-07-15', 'Computer Science', 'Digital', 'yDjAZrxr', '32222', '24728', 'lbaker@ge.com', '123456789', 'Rank rotations');
INSERT INTO program_member (`PM_FName`, `PM_LName`, `PM_SSO`, `University`, `Hire_Date`, `Major`, `Track`, `PM_Password`, `Rotation_1`, `Email`, `BPM_SSO`, `Action_Name`) VALUES ('Jessica', 'Price', '716124100', 'Notre Dame', '2019-01-15', 'Supply Chain', 'Operations', 'NrHmfUjg', '00407', 'jprice@ge.com', '123445566', 'Rank rotations');
INSERT INTO program_member (`PM_FName`, `PM_LName`, `PM_SSO`, `University`, `Hire_Date`, `Major`, `Track`, `PM_Password`, `Rotation_1`, `Rotation_2`, `Rotation_3`, `Rotation_4`, `Email`, `BPM_SSO`, `Action_Name`) VALUES ('Michael', 'Allen', '861768291', 'Penn State', '2017-01-15', 'Software Engineering', 'Digital', 'aQn5xzHd', '32222', '24728', '32222', '00407', 'mallen@ge.com', '123456789', 'Rank rotations');
INSERT INTO program_member (`PM_FName`, `PM_LName`, `PM_SSO`, `University`, `Hire_Date`, `Major`, `Track`, `PM_Password`, `Rotation_1`, `Rotation_2`, `Rotation_3`, `Email`, `BPM_SSO`, `Action_Name`) VALUES ('Jen', 'Cook', '936498715', 'Loyola Chicago', '2018-07-15', 'Supply Chain', 'Operations', 'Rq7geazL', '32222', '24728', '00407', 'jcook@ge.com', '123445566', 'Rank rotations');

INSERT INTO completes (`PM_SSO`, `Date`) VALUES ('401006431', '2018-05-15');
INSERT INTO completes (`PM_SSO`, `Date`) VALUES ('133894629', '2018-05-20');
INSERT INTO completes (`PM_SSO`, `Date`) VALUES ('162372889', '2018-08-15');
INSERT INTO completes (`PM_SSO`, `Date`) VALUES ('205659392', '2018-10-15');
INSERT INTO completes (`PM_SSO`, `Date`) VALUES ('239021151', '2018-12-15');

INSERT INTO submits (`PM_SSO`, `Name_1`) VALUES ('133894629', 'Data Analyst');
INSERT INTO submits (`PM_SSO`, `Name_1`) VALUES ('205659392', 'Database Developer');
INSERT INTO submits (`PM_SSO`, `Name_1`) VALUES ('386953815', 'Inventory Planner');
INSERT INTO submits (`PM_SSO`, `Name_1`) VALUES ('466709355', 'Logistics Manager');
INSERT INTO submits (`PM_SSO`, `Name_1`) VALUES ('660622449', 'Security Analyst');
INSERT INTO submits (`PM_SSO`, `Name_1`) VALUES ('133894629', 'UX Designer');
INSERT INTO submits (`PM_SSO`, `Name_1`) VALUES ('401006431', 'UX Researcher');

INSERT INTO assigned_to (`Rotation_Number`, `PM_SSO`, `RID`) VALUES ('4', '133894629', '62382');
INSERT INTO assigned_to (`Rotation_Number`, `PM_SSO`, `RID`) VALUES ('4', '205659392', '21090');
INSERT INTO assigned_to (`Rotation_Number`, `PM_SSO`, `RID`) VALUES ('2', '386953815', '8565');
INSERT INTO assigned_to (`Rotation_Number`, `PM_SSO`, `RID`) VALUES ('1', '466709355', '32222');
INSERT INTO assigned_to (`Rotation_Number`, `PM_SSO`, `RID`) VALUES ('2', '660622449', '17179');
INSERT INTO assigned_to (`Rotation_Number`, `PM_SSO`, `RID`) VALUES ('3', '133894629', '24728');
INSERT INTO assigned_to (`Rotation_Number`, `PM_SSO`, `RID`) VALUES ('2', '401006431', '36047');
